number,state,prize,formalized,last_update,oeis,tags,note
3,open,$5000,yes,2025-08-31,A003002;A003003;A003004;A003005,number theory;additive combinatorics;arithmetic progressions,
5,open,no,yes,2025-08-31,A001223,number theory;primes,
7,verifiable,no,yes,2025-08-31,N/A,number theory;covering systems,
9,open,no,yes,2025-08-31,A006286,number theory;additive basis;primes,
10,open,no,yes,2025-08-31,A387053,number theory;additive basis;primes,
11,open,no,yes,2026-03-14,A001220;A377587,number theory;additive basis,
12,open,no,yes,2025-08-31,N/A,number theory,
14,open,no,yes,2025-08-31,A143824;possible,number theory;sidon sets;additive combinatorics,
15,open,no,yes,2025-08-31,N/A,number theory;primes,
17,open,no,yes,2025-08-31,A038133,number theory;primes,
18,open,no,yes,2025-08-31,A005153,number theory;divisors;factorials,
19,decidable,$500,no,2025-08-31,N/A,graph theory;chromatic number,
20,open,$1000,yes,2025-08-31,A332077,combinatorics,
23,falsifiable,no,yes,2025-08-31,A389646,graph theory,
25,open,no,yes,2025-08-31,N/A,number theory,
28,open,$500,yes,2025-08-31,N/A,number theory;additive basis,
30,open,$1000,yes,2025-08-31,A143824;A227590;A003022,number theory;sidon sets;additive combinatorics,
32,open,no,yes,2025-08-31,N/A,number theory;additive basis,
33,open,no,yes,2025-08-31,N/A,number theory;additive basis,
36,open,no,yes,2025-08-31,A393584;possible,number theory;additive combinatorics,
39,open,$500,yes,2025-08-31,N/A,number theory;sidon sets;additive combinatorics,
40,open,$500,yes,2025-08-31,N/A,number theory;additive basis,
41,open,$500,yes,2025-08-31,N/A,number theory;sidon sets;additive combinatorics,
44,open,no,yes,2025-08-31,N/A,number theory;sidon sets;additive combinatorics,
50,open,$250,yes,2025-08-31,N/A,number theory,
51,open,no,yes,2025-08-31,A002202;A014197,number theory,
52,open,$250,yes,2026-05-28,A263996,number theory;additive combinatorics,
60,open,no,yes,2025-08-31,A006855,graph theory;cycles,
61,open,no,yes,2025-08-31,N/A,graph theory,
62,open,no,no,2025-08-31,N/A,graph theory,
64,falsifiable,$1000,yes,2025-08-31,N/A,graph theory;cycles,
65,open,no,yes,2025-08-31,N/A,graph theory;cycles,
66,open,$500,yes,2025-08-31,N/A,number theory;additive basis,
68,open,no,yes,2025-08-31,A331373,number theory;irrationality,
70,open,no,yes,2025-08-31,N/A,graph theory;ramsey theory;set theory,
75,open,no,yes,2025-08-31,N/A,graph theory;chromatic number,
77,open,$250,yes,2025-08-31,A059442,graph theory;ramsey theory,
78,open,$100,no,2025-08-31,A059442,graph theory;ramsey theory,
80,open,no,yes,2025-08-31,N/A,graph theory;ramsey theory,
81,open,no,no,2025-08-31,possible,graph theory,
82,open,no,yes,2025-08-31,A120414;A390256;A390257;A390919;A392636;A394400;A394462;A394539;A394563;A394564;A394573;A394574;A394930;A394933,graph theory,
84,open,no,no,2025-08-31,possible,graph theory;cycles,
85,open,no,yes,2026-03-14,A006672;possible,graph theory;ramsey theory,
86,open,$100,yes,2025-08-31,A245762,graph theory,
87,open,no,yes,2025-08-31,A059442;possible,graph theory;ramsey theory,
89,open,$500,yes,2025-08-31,A186704;A131628,geometry;distances,
91,open,no,yes,2025-08-31,A186704;possible,geometry;distances,
96,open,no,yes,2025-08-31,possible,geometry;distances;convex,
97,falsifiable,$100,yes,2025-08-31,N/A,geometry;distances;convex,
98,open,no,yes,2025-08-31,possible,geometry;distances,
99,open,$100,yes,2025-08-31,N/A,geometry;distances,
100,open,no,yes,2025-08-31,N/A,geometry;distances,
101,open,$100,yes,2025-08-31,A006065;possible,geometry,
102,open,no,no,2025-08-31,N/A,geometry,
103,open,no,no,2025-08-31,possible,geometry;distances,
104,open,$100,yes,2025-08-31,A003829,geometry,
107,falsifiable,$500,yes,2025-08-31,A000051,geometry;convex,
108,open,no,yes,2025-08-31,possible,graph theory;chromatic number;cycles,
111,open,no,no,2025-08-31,N/A,graph theory;chromatic number;set theory,
112,open,no,no,2025-08-31,possible,graph theory;ramsey theory,
114,falsifiable,$250,no,2025-12-28,N/A,polynomials;analysis,
117,open,no,no,2025-08-31,possible,group theory,
120,open,$100,yes,2025-08-31,N/A,combinatorics,
122,open,no,no,2025-08-31,N/A,number theory,
124,open,no,yes,2025-08-31,N/A,number theory;base representations;complete sequences,
128,falsifiable,$250,yes,2025-10-31,N/A,graph theory,
129,open,no,no,2025-08-31,possible,graph theory;ramsey theory,
130,open,no,yes,2025-08-31,N/A,graph theory;chromatic number,
131,open,no,no,2025-08-31,A068063,number theory,
132,open,$100,no,2025-08-31,N/A,distances,
137,open,no,yes,2025-08-31,N/A,number theory;powerful,
138,open,$500,yes,2025-08-31,A005346,additive combinatorics,
141,open,no,yes,2025-08-31,A006560,additive combinatorics;primes;arithmetic progressions,
142,open,$10000,yes,2025-08-31,A003002;A003003;A003004;A003005,additive combinatorics;arithmetic progressions,
143,open,$500,yes,2025-08-31,N/A,primitive sets,
145,open,no,yes,2025-08-31,A005117,number theory,
148,open,no,no,2025-08-31,A076393;A006585,number theory;unit fractions,
149,open,no,no,2025-08-31,N/A,graph theory,
151,open,no,no,2025-08-31,possible,graph theory,
153,open,no,yes,2025-08-31,N/A,sidon sets,
155,open,no,yes,2025-08-31,A143824;A227590;A003022,additive combinatorics;sidon sets,
156,open,no,yes,2025-08-31,A382397,sidon sets,
158,open,no,yes,2025-08-31,N/A,sidon sets,
159,open,no,yes,2025-08-31,possible,graph theory;ramsey theory,
160,open,no,yes,2025-08-31,possible,additive combinatorics;arithmetic progressions,
161,open,$500,no,2025-08-31,N/A,combinatorics;ramsey theory;discrepancy;hypergraphs,
162,open,no,no,2025-08-31,N/A,combinatorics;ramsey theory;discrepancy,
165,open,$250,no,2025-08-31,A000791,graph theory;ramsey theory,
167,falsifiable,no,no,2025-09-28,N/A,graph theory,
168,open,no,yes,2025-08-31,A004059;A057561;A094708;A386439,additive combinatorics,
169,open,no,no,2025-08-31,A005346,additive combinatorics;arithmetic progressions,
170,open,no,yes,2025-08-31,A046693,additive combinatorics,
172,open,no,yes,2025-08-31,N/A,additive combinatorics;ramsey theory,
173,open,no,no,2025-08-31,N/A,geometry;ramsey theory,
174,open,no,no,2025-08-31,N/A,geometry;ramsey theory,
176,open,no,no,2025-08-31,possible,additive combinatorics;arithmetic progressions;discrepancy,
177,open,no,no,2025-08-31,N/A,discrepancy;arithmetic progressions,
181,open,no,yes,2025-08-31,possible,graph theory;ramsey theory,
184,open,no,yes,2025-08-31,possible,graph theory;cycles,
187,open,no,no,2025-08-31,N/A,additive combinatorics;ramsey theory;arithmetic progressions,
188,open,no,yes,2025-08-31,N/A,geometry;ramsey theory,
195,open,no,yes,2025-08-31,N/A,arithmetic progressions,
196,open,no,yes,2025-08-31,N/A,arithmetic progressions,
197,open,no,yes,2025-08-31,N/A,arithmetic progressions,
200,open,no,yes,2025-08-31,A005115,primes;arithmetic progressions,
201,open,no,no,2025-08-31,A003002;A003003;A003004;A003005;possible,additive combinatorics;arithmetic progressions,
203,open,no,yes,2025-08-31,N/A,primes;covering systems,
208,open,no,yes,2025-08-31,A005117;A076259,number theory,
212,open,no,yes,2025-08-31,N/A,geometry;distances,
213,open,no,yes,2025-08-31,N/A,geometry;distances,
217,open,no,no,2025-08-31,possible,geometry;distances,
218,open,no,yes,2025-08-31,A333230;A333231;A064113,number theory;primes,
222,open,no,no,2025-08-31,A001481;A256435,number theory;squares,
233,open,no,yes,2025-08-31,A074741,number theory;primes,
234,open,no,yes,2025-08-31,N/A,number theory;primes,
236,open,no,yes,2025-08-31,A039669;A109925,number theory;primes,
238,open,no,yes,2025-08-31,N/A,number theory;primes,
241,open,$100,yes,2025-08-31,A387704,additive combinatorics;sidon sets,
242,falsifiable,no,yes,2025-09-28,A073101;A075245;A075246;A075247;A075248;A287116,number theory;unit fractions,
243,open,no,yes,2025-08-31,A000058,number theory;irrationality,
244,open,no,yes,2025-08-31,N/A,number theory;primes,
247,open,no,yes,2025-08-31,N/A,number theory;irrationality,
249,open,no,yes,2025-08-31,A256936,number theory;irrationality,
251,open,no,yes,2025-08-31,A098990,number theory;irrationality,
252,open,no,yes,2025-08-31,A227988;A227989;A307036;A359060;possible,number theory;irrationality,
254,open,no,yes,2025-08-31,N/A,number theory,
256,open,no,no,2025-08-31,N/A,analysis,
257,open,no,yes,2025-08-31,N/A,irrationality,
260,open,no,yes,2025-08-31,N/A,irrationality,
261,open,no,yes,2025-08-31,N/A,number theory,
263,open,no,yes,2025-08-31,N/A,irrationality,
264,open,no,yes,2025-08-31,N/A,irrationality,
265,open,no,no,2025-08-31,N/A,irrationality,
267,open,no,yes,2025-08-31,N/A,irrationality,
269,open,no,yes,2025-08-31,N/A,irrationality,
271,open,no,no,2025-08-31,A005487,additive combinatorics;arithmetic progressions,
272,open,no,yes,2025-08-31,possible,additive combinatorics;arithmetic progressions,
273,open,no,yes,2025-08-31,N/A,number theory;covering systems,
274,open,no,yes,2025-08-31,N/A,group theory;covering systems,
276,open,no,yes,2025-08-31,N/A,number theory;covering systems,
278,open,no,no,2025-08-31,N/A,number theory;covering systems,
279,open,no,yes,2025-08-31,N/A,number theory;covering systems;primes,
282,open,no,yes,2025-08-31,N/A,number theory;unit fractions,
287,falsifiable,no,yes,2025-12-05,N/A,number theory;unit fractions,
288,open,no,yes,2025-08-31,N/A,number theory;unit fractions,
289,open,no,yes,2025-08-31,N/A,number theory;unit fractions,
291,open,no,yes,2025-08-31,A110566,number theory;unit fractions,
293,open,no,no,2025-08-31,possible,number theory;unit fractions,
295,open,no,yes,2025-08-31,A192881,number theory;unit fractions,
301,open,no,no,2025-08-31,A390394,number theory;unit fractions,
302,open,no,yes,2025-08-31,A390395,number theory;unit fractions,
304,open,no,yes,2025-08-31,A097847;A097849,number theory;unit fractions,
306,open,no,yes,2025-08-31,N/A,number theory;unit fractions,
307,verifiable,no,yes,2025-09-09,N/A,number theory;unit fractions,
311,open,no,no,2025-08-31,N/A,number theory;unit fractions,
312,open,no,yes,2025-08-31,N/A,number theory;unit fractions,
313,open,no,yes,2025-08-31,A054377,number theory;unit fractions,
317,open,no,yes,2025-08-31,N/A,number theory;unit fractions,
319,open,no,yes,2025-08-31,possible,number theory;unit fractions,
322,open,no,yes,2025-08-31,A025456;A025418,number theory;powers,
323,open,no,yes,2025-08-31,A004825;A004831;A004832;A004833;A004842;A004843;A004844;A004845;A004857;A004869;possible,number theory;powers,
324,open,no,yes,2025-08-31,N/A,number theory;powers;sidon sets,
325,open,no,yes,2025-08-31,A004825;A004832;A004843;A004854;A004865;possible,number theory;powers,
326,open,no,yes,2025-08-31,N/A,number theory;additive basis,
327,open,no,no,2025-08-31,A384927,number theory;unit fractions,
329,open,no,yes,2025-08-31,possible,number theory;sidon sets,
332,open,no,yes,2025-08-31,N/A,number theory,
334,open,no,no,2025-08-31,A062241;A045535,number theory,
335,open,no,no,2025-08-31,N/A,number theory;additive combinatorics,
336,open,no,no,2025-08-31,possible,number theory;additive basis,
338,open,no,no,2025-08-31,N/A,number theory;additive basis,
340,open,no,yes,2025-08-31,A080200;A005282,number theory;additive combinatorics;sidon sets,
341,open,no,yes,2025-08-31,N/A,number theory,
342,open,no,yes,2025-08-31,A002858,number theory,
345,open,no,no,2025-08-31,A001661,number theory;complete sequences,
348,open,no,yes,2025-08-31,N/A,number theory;complete sequences,
349,open,no,yes,2025-08-31,N/A,number theory;complete sequences,
352,open,no,yes,2025-08-31,N/A,geometry,
354,open,no,yes,2025-08-31,N/A,number theory;complete sequences,
357,open,no,yes,2025-08-31,A364132;A364153;possible,number theory,
359,open,no,yes,2025-08-31,A002048,number theory,
361,open,no,yes,2025-08-31,possible,number theory,
364,verifiable,no,yes,2025-08-31,A060355;A076445,number theory;powerful,
365,open,no,no,2025-09-20,A060355;A060859;A175155,number theory;powerful,
366,verifiable,no,yes,2025-08-31,A060355,number theory;powerful,
367,open,no,yes,2025-08-31,A057521,number theory;powerful,
368,open,no,no,2025-08-31,A074399,number theory,
371,open,no,yes,2025-08-31,A070089,number theory,
373,open,no,yes,2025-08-31,A003135,number theory;factorials,
374,open,no,no,2025-08-31,A388851;A387184;A389117;A389148,number theory,
375,falsifiable,no,yes,2025-08-31,N/A,number theory;primes,
376,open,no,yes,2025-08-31,A030979,number theory;binomial coefficients;base representations,
377,open,no,yes,2025-08-31,N/A,number theory;binomial coefficients,
382,open,no,no,2025-08-31,A388850,number theory,
383,open,no,yes,2025-08-31,N/A,number theory,
385,open,no,yes,2025-08-31,A322292,number theory,
386,open,no,yes,2025-08-31,A280992,number theory;binomial coefficients,
388,open,no,no,2025-08-31,N/A,number theory,
389,open,no,yes,2025-08-31,A375071,number theory,
390,open,no,yes,2025-08-31,A193429,number theory;factorials,
393,open,no,no,2025-08-31,A388302,number theory;factorials,
394,open,no,yes,2025-10-28,A344005,number theory,
396,open,no,yes,2025-08-31,A375077,number theory;binomial coefficients,
398,falsifiable,no,yes,2025-08-31,A146968;A141399,number theory;factorials,
400,open,no,yes,2025-08-31,possible,number theory;factorials,
404,open,no,no,2025-08-31,N/A,number theory;factorials,
406,open,no,yes,2025-08-31,N/A,number theory;base representations,
408,open,no,no,2025-08-31,A049108,number theory;iterated functions,
409,open,no,yes,2025-08-31,A039651;A229487,number theory;iterated functions,
410,open,no,yes,2025-08-31,A007497;possible,number theory;iterated functions,
411,open,no,no,2025-08-31,A383044;possible,number theory;iterated functions,
412,open,no,yes,2025-08-31,A007497;A051572,number theory;iterated functions,
413,open,no,yes,2025-08-31,A005236,number theory;iterated functions,
414,open,no,yes,2025-08-31,A064491;possible,number theory;iterated functions,
415,open,no,no,2025-08-31,possible,number theory,
416,open,no,yes,2025-08-31,A264810,number theory,
417,open,no,yes,2025-08-31,A264810;A061070,number theory,
420,open,no,no,2025-08-31,N/A,number theory,
422,open,no,yes,2025-08-31,A005185,number theory,
423,open,no,yes,2025-08-31,A005243,number theory,
424,open,no,yes,2025-08-31,A005244,number theory,
425,open,no,no,2025-08-31,possible,number theory;sidon sets,
428,open,no,yes,2025-08-31,N/A,number theory;primes,
430,open,no,no,2025-08-31,possible,number theory,
431,open,no,yes,2025-08-31,N/A,number theory;primes,
432,open,no,no,2025-08-31,N/A,number theory,
436,open,no,no,2025-08-31,A000445;possible,number theory,
445,open,no,yes,2025-08-31,N/A,number theory,
450,open,no,yes,2025-08-31,N/A,number theory;divisors,
451,open,no,no,2025-08-31,A386620,number theory,
452,open,no,yes,2025-08-31,possible,number theory,
454,open,no,yes,2025-08-31,A389676;A389677,number theory;primes,
455,open,no,yes,2025-08-31,N/A,number theory,
456,open,no,yes,2025-08-31,A034694;A061026;possible,number theory,
458,falsifiable,no,yes,2025-08-31,A056604,number theory;primes,
460,open,no,no,2025-08-31,N/A,number theory,
461,open,no,no,2025-08-31,possible,number theory;primes,
462,open,no,yes,2025-08-31,A032742;possible,number theory;primes,
463,open,no,yes,2025-08-31,possible,number theory;primes,
467,open,no,no,2025-08-31,N/A,number theory,
468,open,no,no,2025-08-31,A167485;A387502;A387503,number theory;divisors,
470,open,$10,yes,2025-08-31,A006037;A002975,number theory;divisors,
472,open,no,no,2025-08-31,A389713;possible,number theory,
475,decidable,no,no,2026-02-23,N/A,number theory;additive combinatorics,
478,open,no,yes,2025-08-31,A210184,number theory;factorials,
479,open,no,yes,2025-08-31,A036236;A015919;A050259;A015921;A006521;A006517;A015940,number theory,
483,open,no,no,2025-08-31,A030126,number theory;additive combinatorics;ramsey theory,
486,open,no,yes,2025-08-31,N/A,number theory;primitive sets,
488,falsifiable,no,yes,2026-03-29,N/A,number theory,
489,open,no,yes,2025-08-31,N/A,number theory,
495,open,no,yes,2025-08-31,N/A,diophantine approximation;number theory,
500,open,$500,no,2025-08-31,A140462,graph theory;hypergraphs;turan number,
503,open,no,yes,2025-08-31,A175769,geometry;distances,
506,decidable,no,yes,2025-08-31,possible,geometry,
507,open,no,yes,2025-08-31,N/A,geometry,
508,open,no,yes,2025-08-31,N/A,geometry;ramsey theory,
509,open,no,yes,2025-08-31,N/A,analysis;polynomials,
510,open,no,yes,2025-08-31,N/A,analysis,
513,open,no,yes,2025-08-31,N/A,analysis,
514,open,no,no,2025-08-31,N/A,analysis,
517,open,no,yes,2025-08-31,N/A,analysis,
520,open,no,yes,2025-08-31,N/A,number theory;probability,
521,open,no,yes,2025-08-31,N/A,analysis;polynomials;probability,
522,open,no,yes,2025-12-08,N/A,analysis;polynomials;probability,
524,open,no,no,2025-08-31,N/A,analysis;probability;polynomials,
528,open,no,no,2025-08-31,A387897;A156816,geometry,
529,open,no,no,2025-08-31,N/A,geometry;probability,
530,open,no,no,2025-08-31,A143824;possible,number theory;sidon sets,
531,open,no,no,2025-08-31,possible,number theory;ramsey theory,
535,open,no,yes,2025-08-31,possible,number theory,
536,open,no,yes,2025-08-31,possible,number theory,
538,open,no,yes,2025-08-31,N/A,number theory,
539,open,no,yes,2025-08-31,possible,number theory;additive combinatorics,
544,open,no,yes,2025-08-31,A000791,graph theory;ramsey theory,
545,open,no,yes,2025-12-02,A059442;possible,graph theory;ramsey theory,
547,decidable,no,yes,2025-09-11,N/A,graph theory;ramsey theory,
550,open,no,yes,2025-08-31,N/A,graph theory;ramsey theory,
551,decidable,no,yes,2025-08-31,N/A,graph theory;ramsey theory,
552,open,no,yes,2025-08-31,A006672,graph theory;ramsey theory,
554,open,no,no,2025-08-31,possible,graph theory;ramsey theory,
555,open,no,no,2025-08-31,A389313;possible,graph theory;ramsey theory,
556,decidable,no,no,2025-08-31,A389335,graph theory;ramsey theory,
558,open,no,no,2025-08-31,possible,graph theory;ramsey theory,
560,open,no,no,2025-08-31,possible,graph theory;ramsey theory,
561,open,no,no,2025-08-31,N/A,graph theory;ramsey theory,
562,open,no,yes,2025-08-31,possible,graph theory;ramsey theory;hypergraphs,
563,open,no,yes,2025-08-31,N/A,graph theory;ramsey theory;hypergraphs,
564,open,$500,yes,2025-08-31,possible,graph theory;ramsey theory;hypergraphs,
566,open,no,yes,2025-08-31,N/A,graph theory;ramsey theory,
567,open,no,yes,2025-08-31,N/A,graph theory;ramsey theory,
568,open,no,yes,2025-08-31,N/A,graph theory;ramsey theory,
569,open,no,yes,2025-08-31,N/A,graph theory;ramsey theory,
572,open,no,yes,2025-08-31,possible,graph theory;turan number;cycles,
573,open,no,no,2025-08-31,A006856,graph theory;turan number,
576,open,no,no,2025-08-31,possible,graph theory;turan number,
579,open,no,yes,2025-08-31,N/A,graph theory;turan number,
580,decidable,no,no,2025-10-23,N/A,graph theory,
583,falsifiable,no,yes,2025-08-31,N/A,graph theory,
584,open,no,no,2025-08-31,N/A,graph theory;cycles,
585,open,no,no,2025-08-31,possible,graph theory;cycles,
588,open,$100,no,2025-08-31,A006065;A008997,geometry,
589,open,no,no,2025-08-31,possible,geometry,
592,open,$1000,yes,2025-08-31,N/A,set theory;ramsey theory,
593,open,$500,yes,2025-08-31,N/A,set theory;graph theory;hypergraphs;chromatic number,
595,open,$250,yes,2025-08-31,N/A,graph theory;set theory,
596,open,no,yes,2025-08-31,N/A,graph theory;ramsey theory;set theory,
597,open,no,no,2025-08-31,N/A,graph theory;ramsey theory;set theory,
598,open,no,yes,2025-08-31,N/A,set theory;ramsey theory,
600,open,no,yes,2025-08-31,possible,graph theory,
601,open,$500,no,2025-08-31,N/A,graph theory;set theory,
602,open,no,yes,2025-08-31,N/A,combinatorics;set theory,
604,open,$500,no,2025-08-31,possible,geometry;distances,
609,open,no,yes,2025-08-31,possible,graph theory;ramsey theory,
611,open,no,no,2025-08-31,N/A,graph theory,
612,open,no,no,2025-08-31,N/A,graph theory,
614,open,no,no,2025-08-31,possible,graph theory,
616,open,no,no,2025-08-31,N/A,graph theory,
617,falsifiable,no,yes,2025-08-31,N/A,graph theory,
620,open,no,no,2025-08-31,possible,graph theory,
623,open,no,yes,2025-08-31,N/A,set theory,
624,open,no,yes,2025-08-31,possible,combinatorics,
626,open,no,no,2025-08-31,possible,graph theory;chromatic number;cycles,
627,open,no,no,2025-08-31,possible,graph theory;chromatic number,
628,falsifiable,no,yes,2025-08-31,N/A,graph theory;chromatic number,
629,open,no,no,2025-08-31,possible,graph theory;chromatic number,
634,open,$25,no,2025-08-31,possible,geometry,
635,open,no,no,2026-01-30,N/A,number theory,
638,open,no,no,2025-08-31,N/A,graph theory;ramsey theory,
640,open,no,no,2025-08-31,N/A,graph theory;chromatic number,
642,open,no,no,2025-08-31,possible,graph theory;cycles,
643,open,no,no,2025-08-31,possible,graph theory;hypergraphs,
644,open,no,no,2025-08-31,possible,combinatorics,
647,verifiable,£25,yes,2025-08-31,A062249;A087280,number theory,
653,open,no,yes,2025-08-31,possible,geometry;distances,
654,open,no,no,2025-08-31,possible,geometry;distances,
655,open,no,yes,2025-08-31,possible,geometry;distances,
657,open,no,no,2025-08-31,possible,geometry;distances,
660,open,no,yes,2025-08-31,possible,geometry;distances;convex,
661,open,$50,no,2025-08-31,possible,geometry;distances,
662,open,no,no,2025-08-31,N/A,geometry;distances,
663,open,no,no,2025-08-31,A391668,number theory,
665,open,no,no,2025-08-31,N/A,combinatorics,
667,open,no,no,2025-08-31,N/A,graph theory;ramsey theory,
668,open,no,no,2025-08-31,A385657,geometry;distances,
669,open,no,no,2025-08-31,A003035;A006065;A008997;possible,geometry,
670,open,no,no,2026-04-16,N/A,geometry;distances,
671,open,$250,no,2025-08-31,N/A,analysis,
672,verifiable,no,yes,2025-08-31,N/A,number theory,
675,open,no,no,2025-08-31,N/A,number theory,
676,open,no,no,2025-08-31,A390181;in progress,number theory,
677,open,no,yes,2025-08-31,possible,number theory,
679,open,no,no,2025-08-31,N/A,number theory,
680,open,no,yes,2025-08-31,N/A,number theory;primes,
681,open,no,yes,2025-08-31,A389680,number theory;primes,
683,open,no,yes,2025-09-04,A006530;A074399;A121359;possible,number theory;primes;binomial coefficients,
684,open,no,no,2025-08-31,A392019;possible,number theory;primes;binomial coefficients,
685,open,no,no,2025-08-31,N/A,number theory;primes;binomial coefficients,
686,open,no,yes,2025-08-31,N/A,number theory,
687,open,$1000,no,2025-08-31,A048670;A058989,number theory,
688,open,no,yes,2025-08-31,N/A,number theory,
689,open,no,yes,2025-08-31,N/A,number theory,
691,open,no,no,2025-08-31,N/A,number theory,
693,open,no,no,2025-08-31,A391118;possible,number theory;divisors,
695,open,no,yes,2025-08-31,A061092,number theory,
699,falsifiable,no,yes,2025-08-31,N/A,number theory;binomial coefficients,
700,open,no,yes,2025-08-31,A091963;possible,number theory;binomial coefficients,
701,open,no,yes,2025-08-31,N/A,combinatorics;intersecting family,
704,open,no,no,2025-08-31,N/A,graph theory;geometry;chromatic number,
706,open,no,no,2025-08-31,possible,graph theory;chromatic number,
708,open,$100,no,2025-08-31,possible,number theory,
709,open,no,no,2025-08-31,possible,number theory,
710,open,₹2000,no,2025-08-31,A390246,number theory,
711,open,₹1000,no,2025-08-31,possible,number theory,
712,open,$500,no,2025-08-31,possible,graph theory;turan number;hypergraphs,
713,open,$500,yes,2025-08-31,N/A,graph theory;turan number,
714,open,no,yes,2025-08-31,possible,graph theory;turan number,
719,open,no,no,2025-08-31,possible,graph theory;hypergraphs,
723,falsifiable,no,yes,2025-08-31,N/A,combinatorics,
724,open,no,no,2025-08-31,A001438,combinatorics,
725,open,no,no,2025-08-31,A001009,combinatorics,
726,open,no,yes,2025-08-31,N/A,number theory,
727,open,no,yes,2025-08-31,A002503;A343507;A389396,number theory;factorials,
731,open,no,no,2025-08-31,A006197,number theory;binomial coefficients,
734,open,no,no,2025-08-31,possible,combinatorics,
738,open,no,no,2025-08-31,N/A,graph theory;chromatic number,
740,open,no,yes,2025-08-31,N/A,graph theory;chromatic number,
742,decidable,no,yes,2025-08-31,N/A,graph theory,
743,falsifiable,no,no,2025-08-31,N/A,graph theory,
749,open,no,yes,2025-08-31,N/A,additive combinatorics,
757,open,no,yes,2025-08-31,possible,geometry;distances;sidon sets,
761,open,no,no,2025-08-31,N/A,graph theory;chromatic number,
766,open,no,no,2025-08-31,possible,graph theory;turan number,
768,open,no,no,2025-08-31,A001034;A352287,number theory,
769,open,no,yes,2025-08-31,A014544;possible,number theory;geometry,
770,open,no,yes,2025-08-31,A263647;possible,number theory,
773,open,no,yes,2025-08-31,A390813,number theory;sidon sets;squares,
774,open,no,yes,2025-08-31,N/A,number theory,
776,open,no,no,2025-08-31,possible,combinatorics,
778,open,no,no,2025-08-31,N/A,graph theory,
779,falsifiable,no,yes,2025-08-31,A005235,number theory;primes,
782,open,no,no,2025-08-31,N/A,number theory,
786,open,no,yes,2025-08-31,A143301;possible,number theory,
787,open,no,no,2025-08-31,possible,additive combinatorics,
788,open,no,no,2025-08-31,possible,additive combinatorics,
789,open,no,yes,2025-08-31,possible,additive combinatorics,
790,open,no,no,2025-08-31,possible,additive combinatorics,
791,open,no,no,2025-08-31,A066063,additive combinatorics,
792,open,no,no,2025-08-31,possible,additive combinatorics,
796,open,no,yes,2025-08-31,possible,number theory,
802,open,no,no,2025-08-31,N/A,graph theory,
805,open,no,no,2025-08-31,possible,graph theory,
809,open,no,no,2025-08-31,possible,graph theory;ramsey theory,
810,open,no,no,2025-08-31,possible,graph theory;ramsey theory,
811,open,no,no,2025-08-31,possible,graph theory;ramsey theory,
812,open,no,yes,2025-08-31,A059442,graph theory;ramsey theory,
813,open,no,no,2025-08-31,possible,graph theory,
817,open,no,yes,2025-08-31,possible,additive combinatorics,
819,open,no,no,2025-08-31,possible,additive combinatorics,
820,open,no,no,2025-08-31,A263647,number theory,
821,open,no,yes,2025-08-31,A014197,number theory,
824,open,no,no,2025-08-31,possible,number theory,
826,open,no,yes,2025-08-31,N/A,number theory,
827,open,no,no,2025-08-31,possible,geometry,
828,open,no,yes,2025-08-31,N/A,number theory,
829,open,no,yes,2025-08-31,possible,number theory,
830,open,no,yes,2025-08-31,A259180,number theory,
831,open,no,no,2025-08-31,possible,geometry,
835,verifiable,no,yes,2025-08-31,N/A,graph theory;hypergraphs,
836,open,no,no,2025-08-31,N/A,graph theory;hypergraphs;chromatic number,
837,open,no,no,2025-08-31,N/A,graph theory;hypergraphs,
838,open,no,no,2025-08-31,possible,geometry;convex,
839,open,no,yes,2025-08-31,N/A,number theory,
840,open,no,no,2025-08-31,N/A,additive combinatorics;sidon sets,
848,decidable,no,yes,2025-10-19,N/A,number theory,
849,open,no,yes,2025-08-31,A003016;A003015;A059233;A098565;A090162;A180058;A182237,number theory;binomial coefficients,
850,open,no,yes,2025-08-31,A343101,number theory;primes,
852,open,no,no,2025-08-31,A001223;A053597;A078515,number theory;primes,
853,open,no,yes,2025-08-31,A001223;A390769,number theory;primes,
854,open,no,no,2025-08-31,A389839;A048670,number theory,
855,open,no,yes,2026-03-14,A023193,number theory;primes,
856,open,no,no,2025-08-31,possible,number theory,
857,open,no,yes,2025-08-31,possible,combinatorics,
859,open,no,yes,2025-08-31,N/A,number theory;divisors,
860,open,no,no,2025-08-31,A048670;A058989,number theory;primes,
864,open,no,no,2025-08-31,A389182,number theory;sidon sets;additive combinatorics,
866,open,no,no,2025-08-31,possible,number theory;additive combinatorics,
870,open,no,no,2025-08-31,N/A,number theory;additive basis,
872,open,no,yes,2025-08-31,possible,number theory;primitive sets,
873,open,no,yes,2025-08-31,N/A,number theory,
875,open,no,no,2025-08-31,N/A,additive combinatorics,
876,open,no,no,2025-08-31,N/A,additive combinatorics,
878,open,no,no,2025-08-31,A339378;possible,number theory,
879,open,no,no,2025-08-31,A186736,number theory,
881,open,no,yes,2025-08-31,N/A,number theory;additive basis,
883,open,no,yes,2025-08-31,N/A,number theory;graph theory,
885,open,no,yes,2025-08-31,N/A,number theory;divisors,
886,open,no,yes,2025-08-31,N/A,number theory;divisors,
887,open,no,yes,2025-08-31,N/A,number theory;divisors,
889,open,no,yes,2025-08-31,possible,number theory,
890,open,no,yes,2025-08-31,N/A,number theory;primes,
891,open,no,yes,2025-08-31,N/A,number theory,
892,open,no,no,2025-08-31,N/A,number theory;primitive sets,
893,open,no,yes,2025-08-31,A046801;possible,number theory;divisors,
901,open,no,no,2025-08-31,possible,combinatorics;hypergraphs,
902,open,no,no,2025-08-31,A362137,graph theory,
906,open,no,yes,2025-08-31,N/A,analysis;iterated functions,
911,open,no,no,2025-08-31,N/A,graph theory;ramsey theory,
912,open,no,yes,2025-08-31,A071626,number theory;factorials,
913,open,no,yes,2025-08-31,A359747,number theory,
917,open,no,no,2025-08-31,N/A,graph theory;chromatic number,
918,open,no,yes,2025-08-31,N/A,graph theory;chromatic number,
919,open,no,no,2025-08-31,N/A,graph theory;chromatic number,
928,open,no,no,2025-09-04,A006530,number theory,
929,open,no,no,2025-08-31,possible,number theory,
930,open,no,yes,2025-08-31,N/A,number theory,
931,open,no,yes,2025-08-31,N/A,number theory,
932,open,no,yes,2025-08-31,A387864,number theory,
933,open,no,yes,2025-08-31,possible,number theory,
934,open,no,no,2025-08-31,possible,graph theory,
935,open,no,no,2025-09-04,A057521;A389244;possible,number theory;powerful,
936,open,no,yes,2025-08-31,A146968;possible,number theory;powerful,
938,open,no,yes,2025-08-31,A001694;A076446;possible,number theory;powerful,
939,open,no,yes,2025-08-31,possible,number theory;powerful,
940,open,no,yes,2025-08-31,possible,number theory;powerful,
942,open,no,yes,2025-08-31,possible,number theory;powerful,
943,open,no,yes,2025-08-31,possible,number theory;powerful,
944,open,no,yes,2025-08-31,N/A,graph theory;chromatic number,
945,open,no,yes,2025-08-31,possible;A048892,number theory;divisors,
949,open,no,yes,2025-08-31,N/A,ramsey theory,
950,open,no,yes,2025-08-31,N/A,number theory;primes,
951,open,no,yes,2025-08-31,N/A,number theory,
952,open,no,yes,2025-08-31,N/A,number theory,
953,open,no,no,2025-08-31,N/A,geometry;distances,
954,open,no,no,2025-08-31,A390642,number theory,
955,open,no,yes,2025-08-31,possible,number theory,
956,open,no,no,2025-08-31,possible,geometry;distances;convex,
959,open,no,yes,2025-08-31,N/A,geometry;distances,
961,open,no,yes,2025-08-31,A213253,number theory,
962,open,no,yes,2025-08-31,A327909,number theory,
963,open,no,no,2025-08-31,possible,number theory,
968,open,no,yes,2025-08-31,A387591,number theory,
969,open,no,no,2025-08-31,A013928,number theory,
970,open,no,yes,2025-08-31,A048669,number theory,
971,open,no,yes,2025-08-31,A226521,number theory,
972,open,no,yes,2025-08-31,N/A,number theory,
973,open,no,yes,2025-08-31,N/A,analysis,
975,open,no,yes,2025-08-31,A147807;possible,number theory;divisors;polynomials,
976,open,no,no,2025-08-31,N/A,number theory,
978,open,no,yes,2025-08-31,possible,number theory,
979,open,no,yes,2025-08-31,A385316;possible,number theory,
982,falsifiable,no,yes,2025-08-31,A004526,geometry;convex;distances,
983,open,no,no,2025-08-31,possible,number theory,
985,open,no,yes,2025-08-31,A002233;A219429;A103309;possible,number theory,
993,falsifiable,no,no,2025-09-07,A000055;possible,graph theory,
995,open,no,no,2025-09-07,N/A,analysis;discrepancy,
996,open,no,yes,2025-09-07,N/A,analysis,
1002,open,no,yes,2025-09-07,N/A,analysis;diophantine approximation,
1003,open,no,yes,2025-09-08,A001274,number theory,
1004,open,no,yes,2025-09-07,possible,number theory,
1011,open,no,no,2025-09-10,possible,graph theory,
1013,open,no,no,2025-09-10,A292528,graph theory;chromatic number,
1016,open,no,no,2025-09-10,A105206,graph theory;cycles,
1017,open,no,no,2025-09-12,possible,graph theory,
1020,falsifiable,no,yes,2025-09-12,N/A,graph theory;hypergraphs,
1029,open,$100,yes,2025-09-13,A059442,graph theory;ramsey theory,
1030,open,no,yes,2025-09-13,A000791;A059442,graph theory;ramsey theory,
1032,open,no,no,2025-09-13,possible,graph theory;chromatic number,
1033,open,no,no,2025-12-12,possible,graph theory,
1035,open,no,yes,2025-12-26,possible,graph theory,
1038,open,no,yes,2025-09-15,N/A,analysis,
1039,open,no,no,2025-09-15,N/A,analysis;polynomials,
1040,open,no,no,2025-09-15,N/A,analysis,
1041,falsifiable,no,yes,2025-09-15,N/A,analysis;polynomials,
1045,open,no,no,2026-03-14,N/A,analysis,
1049,open,no,yes,2025-09-28,N/A,irrationality,
1052,open,$10,yes,2025-09-28,A002827,number theory,
1053,open,no,no,2025-09-28,A007539,number theory,
1054,open,no,yes,2025-09-28,A167485,number theory;divisors,
1055,open,no,yes,2025-09-28,A005113,number theory;primes,
1056,open,no,yes,2025-09-28,A060427,number theory,
1057,open,no,yes,2025-09-28,A006931,number theory,
1059,open,no,yes,2025-09-28,A064152,number theory;primes,
1060,open,no,yes,2025-09-28,A327153,number theory,
1061,open,no,yes,2025-09-28,A110177;possible,number theory,
1062,open,no,yes,2025-09-28,A038372,number theory,
1063,open,no,yes,2025-10-01,A389360,number theory,
1065,open,no,yes,2025-10-01,A074781;A339465,number theory,
1066,open,no,no,2025-10-01,possible,graph theory;planar graphs,
1068,open,no,yes,2025-10-01,N/A,graph theory;set theory;chromatic number,
1070,open,no,no,2025-10-05,possible,geometry,
1072,open,no,yes,2025-10-05,A073944;A072937;A154554,number theory,
1073,open,no,yes,2025-10-05,A256519,number theory,
1074,open,no,yes,2025-10-05,A063980;A064164,number theory,
1075,open,no,no,2025-10-05,N/A,hypergraphs,
1082,falsifiable,no,yes,2025-10-17,possible,geometry;distances,
1083,open,no,yes,2025-10-17,A186704;possible,geometry;distances,
1084,open,no,yes,2025-10-17,A045945;possible,geometry;distances,
1085,open,no,yes,2025-10-17,A186705;possible,geometry;distances,
1086,open,no,no,2025-10-17,possible,geometry;distances,
1087,open,no,no,2025-10-17,possible,geometry;distances,
1088,open,no,yes,2025-10-17,possible,geometry,
1093,open,no,yes,2025-10-18,N/A,number theory;binomial coefficients,
1094,open,no,yes,2025-10-18,N/A,number theory;binomial coefficients,
1095,open,no,yes,2025-10-18,A003458,number theory;binomial coefficients,
1097,open,no,yes,2025-10-18,N/A,number theory;additive combinatorics,
1100,open,no,no,2025-10-19,A325864;possible,number theory;divisors,
1101,open,no,yes,2025-10-19,N/A,number theory,
1103,open,no,no,2025-10-19,A392164,number theory,
1104,open,no,yes,2025-10-26,A292528,graph theory;chromatic number,
1106,open,no,yes,2025-11-17,A194259;A194260,number theory,
1107,open,no,yes,2025-11-17,A056828;A392342;A392343;possible,number theory;powerful,
1108,open,no,yes,2025-11-17,A051761;A115645;A025494,number theory;factorials,
1109,open,no,yes,2025-12-03,A392164;A392165,number theory,
1110,open,no,yes,2025-12-07,possible,number theory,
1111,open,no,no,2025-12-07,possible,graph theory,
1112,open,no,no,2025-12-28,N/A,additive combinatorics,
1113,open,no,yes,2025-12-28,A076336,number theory;covering systems,
1117,open,no,no,2025-12-29,N/A,analysis,
1120,open,no,no,2025-12-29,N/A,analysis,
1122,open,no,no,2025-12-30,N/A,number theory,
1131,open,no,no,2026-01-01,N/A,analysis;polynomials,
1132,open,no,no,2026-01-01,N/A,analysis;polynomials,
1133,open,no,yes,2026-01-01,N/A,analysis;polynomials,
1135,open,$500,yes,2026-01-11,A006370;A008908,number theory;iterated functions,
1137,open,no,yes,2026-01-23,A083550;A005250,number theory;primes,
1139,open,no,yes,2026-01-23,A037143;A101041,number theory;primes,
1142,open,no,yes,2026-01-23,A039669,number theory;primes,
1143,open,no,no,2026-01-23,N/A,number theory;primes,
1144,open,no,no,2026-01-23,N/A,number theory;probability,
1145,open,no,yes,2026-01-23,N/A,additive combinatorics;additive basis,
1146,open,no,yes,2026-01-23,possible,number theory,
1150,open,no,yes,2026-01-23,N/A,analysis;polynomials,
1151,open,no,no,2026-01-23,N/A,analysis;polynomials,
1152,open,no,no,2026-01-23,N/A,analysis;polynomials,
1155,open,no,no,2026-01-23,N/A,graph theory,
1156,open,no,no,2026-01-23,N/A,graph theory;chromatic number,
1157,open,no,no,2026-01-23,possible,hypergraphs;turan number,
1158,open,no,no,2026-01-23,possible,hypergraphs;turan number,
1159,open,no,yes,2026-01-23,N/A,combinatorics,
1160,open,no,no,2026-01-23,A000001,group theory,
1162,open,no,no,2026-01-23,A005432;possible,group theory,
1163,open,no,no,2026-01-23,N/A,group theory,
1167,open,no,yes,2026-01-23,N/A,set theory;ramsey theory,
1168,open,no,no,2026-01-23,N/A,set theory;ramsey theory,
1170,open,no,no,2026-01-23,N/A,set theory;ramsey theory,
1171,open,no,no,2026-01-23,N/A,set theory;ramsey theory,
1172,open,no,no,2026-01-23,N/A,set theory;ramsey theory,
1173,open,no,no,2026-01-23,N/A,set theory;combinatorics,
1175,open,no,yes,2026-01-23,N/A,set theory;chromatic number,
1177,open,no,no,2026-01-23,N/A,set theory;chromatic number;hypergraphs,
1178,open,no,no,2026-01-25,N/A,graph theory;hypergraphs,
1181,open,no,no,2026-03-07,A053669;A053670;A053671;A053672;A053673;A053674;possible,number theory,
1182,open,no,no,2026-03-07,possible,graph theory;ramsey theory,
1183,open,no,no,2026-03-07,possible,combinatorics;ramsey theory,
1184,open,no,no,2026-04-04,possible,number theory;primes,
1186,open,no,no,2026-04-04,possible,additive combinatorics;arithmetic progressions,
1188,open,no,yes,2026-04-04,possible,number theory;covering systems,
1189,open,no,no,2026-04-04,possible,number theory;covering systems,
1191,open,$1000,no,2026-04-04,possible,additive combinatorics;sidon sets,
1192,open,no,yes,2026-04-04,possible,additive combinatorics;additive basis,
1194,open,no,no,2026-04-04,possible,additive combinatorics;additive basis;sidon sets,
1199,open,no,yes,2026-04-04,possible,additive combinatorics;ramsey theory,
1200,open,no,no,2026-04-04,possible,number theory;primes,
1201,open,no,yes,2026-04-04,possible,number theory;primes,
1203,open,no,yes,2026-04-04,possible,number theory,
1204,open,no,no,2026-04-04,A008407;A023193;A135311;possible,number theory,
1206,open,no,yes,2026-04-04,possible,number theory;sidon sets,
1207,open,no,yes,2026-04-04,possible,geometry;distances,
1208,open,no,no,2026-04-04,A193838;A271490;possible,geometry;distances,
1209,open,no,yes,2026-04-04,possible,number theory,
1210,open,no,yes,2026-04-04,possible,number theory,
1212,open,no,yes,2026-04-04,possible,number theory;primes,
